<profile version="1.0">
  <option name="myName" value="ktomaszewski" />
  <inspection_tool class="AnonymousFunctionJS" enabled="true" level="WARNING" enabled_by_default="true" />
  <inspection_tool class="ArgumentEqualsDefaultValueInspection" enabled="true" level="WEAK WARNING" enabled_by_default="true" />
  <inspection_tool class="AssignmentResultUsedJS" enabled="true" level="WARNING" enabled_by_default="true" />
  <inspection_tool class="AssignmentToForLoopParameterJS" enabled="true" level="WARNING" enabled_by_default="true" />
  <inspection_tool class="AssignmentToFunctionParameterJS" enabled="true" level="WARNING" enabled_by_default="true" />
  <inspection_tool class="BadExceptionsProcessingInspection" enabled="true" level="WEAK WARNING" enabled_by_default="true" />
  <inspection_tool class="BlockStatementJS" enabled="true" level="WARNING" enabled_by_default="true" />
  <inspection_tool class="BreakStatementJS" enabled="true" level="WARNING" enabled_by_default="true" />
  <inspection_tool class="BreakStatementWithLabelJS" enabled="true" level="WARNING" enabled_by_default="true" />
  <inspection_tool class="ChainedEqualityJS" enabled="true" level="WARNING" enabled_by_default="true" />
  <inspection_tool class="ChainedFunctionCallJS" enabled="true" level="WARNING" enabled_by_default="true" />
  <inspection_tool class="ClassNameCollisionInspection" enabled="true" level="WARNING" enabled_by_default="true" />
  <inspection_tool class="ClassOverridesFieldOfSuperClassInspection" enabled="true" level="WARNING" enabled_by_default="true" />
  <inspection_tool class="CompactCanBeUsedInspection" enabled="true" level="WEAK WARNING" enabled_by_default="true" />
  <inspection_tool class="ComparisonOperandsOrderInspection" enabled="true" level="WEAK WARNING" enabled_by_default="true" />
  <inspection_tool class="ComposeMissingKeys" enabled="true" level="ERROR" enabled_by_default="true" />
  <inspection_tool class="CompositionAndInheritanceInspection" enabled="true" level="WARNING" enabled_by_default="true" />
  <inspection_tool class="ConditionalExpressionJS" enabled="true" level="WARNING" enabled_by_default="true" />
  <inspection_tool class="ConditionalExpressionWithIdenticalBranchesJS" enabled="true" level="WARNING" enabled_by_default="true" />
  <inspection_tool class="ConfusingFloatingPointLiteralJS" enabled="true" level="WARNING" enabled_by_default="true" />
  <inspection_tool class="ConfusingPlusesOrMinusesJS" enabled="true" level="WARNING" enabled_by_default="true" />
  <inspection_tool class="ConstantOnLHSOfComparisonJS" enabled="true" level="WARNING" enabled_by_default="true" />
  <inspection_tool class="ContinueStatementJS" enabled="true" level="WARNING" enabled_by_default="true" />
  <inspection_tool class="ContinueStatementWithLabelJS" enabled="true" level="WARNING" enabled_by_default="true" />
  <inspection_tool class="CssBrowserCompatibilityForProperties" enabled="true" level="WARNING" enabled_by_default="true" />
  <inspection_tool class="CssConvertColorToHexInspection" enabled="true" level="WARNING" enabled_by_default="true" />
  <inspection_tool class="CssConvertColorToRgbInspection" enabled="true" level="WARNING" enabled_by_default="true" />
  <inspection_tool class="CssMissingSemicolon" enabled="true" level="WARNING" enabled_by_default="true" />
  <inspection_tool class="CyclomaticComplexityJS" enabled="true" level="WARNING" enabled_by_default="true">
    <option name="m_limit" value="10" />
  </inspection_tool>
  <inspection_tool class="DebuggerStatementJS" enabled="true" level="WARNING" enabled_by_default="true" />
  <inspection_tool class="DefaultNotLastCaseInSwitchJS" enabled="true" level="WARNING" enabled_by_default="true" />
  <inspection_tool class="DisallowWritingIntoStaticPropertiesInspection" enabled="true" level="WEAK WARNING" enabled_by_default="true" />
  <inspection_tool class="DivideByZeroJS" enabled="true" level="WARNING" enabled_by_default="true" />
  <inspection_tool class="DocumentWriteJS" enabled="true" level="WARNING" enabled_by_default="true" />
  <inspection_tool class="DuplicateConditionJS" enabled="true" level="WARNING" enabled_by_default="true" />
  <inspection_tool class="DynamicallyGeneratedCodeJS" enabled="true" level="WARNING" enabled_by_default="true" />
  <inspection_tool class="ES6TopLevelAwaitExpression" enabled="true" level="ERROR" enabled_by_default="true" />
  <inspection_tool class="EfferentObjectCouplingInspection" enabled="true" level="WEAK WARNING" enabled_by_default="true" />
  <inspection_tool class="EmptyCatchBlockJS" enabled="true" level="WARNING" enabled_by_default="true" />
  <inspection_tool class="EmptyClassInspection" enabled="true" level="WEAK WARNING" enabled_by_default="true" />
  <inspection_tool class="EmptyFinallyBlockJS" enabled="true" level="WARNING" enabled_by_default="true" />
  <inspection_tool class="EmptyTryBlockJS" enabled="true" level="WARNING" enabled_by_default="true" />
  <inspection_tool class="Eslint" enabled="true" level="WARNING" enabled_by_default="true" />
  <inspection_tool class="FixedTimeStartWithInspection" enabled="true" level="WARNING" enabled_by_default="true" />
  <inspection_tool class="FlowJSCoverage" enabled="true" level="WEAK WARNING" enabled_by_default="true" />
  <inspection_tool class="FlowJSError" enabled="true" level="ERROR" enabled_by_default="true" />
  <inspection_tool class="ForLoopReplaceableByWhileJS" enabled="true" level="WARNING" enabled_by_default="true">
    <option name="m_ignoreLoopsWithoutConditions" value="false" />
  </inspection_tool>
  <inspection_tool class="ForLoopThatDoesntUseLoopVariableJS" enabled="true" level="WARNING" enabled_by_default="true" />
  <inspection_tool class="ForgottenDebugOutputInspection" enabled="true" level="ERROR" enabled_by_default="true">
    <option name="configuration">
      <list>
        <option value="\Codeception\Util\Debug::debug" />
        <option value="\Codeception\Util\Debug::pause" />
        <option value="\Doctrine\Common\Util\Debug::dump" />
        <option value="\Doctrine\Common\Util\Debug::export" />
        <option value="\Illuminate\Support\Debug\Dumper::dump" />
        <option value="\Symfony\Component\Debug\Debug::enable" />
        <option value="\Symfony\Component\Debug\DebugClassLoader::enable" />
        <option value="\Symfony\Component\Debug\ErrorHandler::register" />
        <option value="\Symfony\Component\Debug\ExceptionHandler::register" />
        <option value="\TYPO3\CMS\Core\Utility\DebugUtility::debug" />
        <option value="\Zend\Debug\Debug::dump" />
        <option value="\Zend\Di\Display\Console::export" />
        <option value="dd" />
        <option value="debug_print_backtrace" />
        <option value="debug_zval_dump" />
        <option value="dpm" />
        <option value="dpq" />
        <option value="dsm" />
        <option value="dump" />
        <option value="dvm" />
        <option value="error_log" />
        <option value="kpr" />
        <option value="phpinfo" />
        <option value="print_r" />
        <option value="var_dump" />
        <option value="var_export" />
        <option value="wp_die" />
        <option value="xdebug_break" />
        <option value="xdebug_call_class" />
        <option value="xdebug_call_file" />
        <option value="xdebug_call_function" />
        <option value="xdebug_call_line" />
        <option value="xdebug_code_coverage_started" />
        <option value="xdebug_debug_zval" />
        <option value="xdebug_debug_zval_stdout" />
        <option value="xdebug_dump_superglobals" />
        <option value="xdebug_enable" />
        <option value="xdebug_get_code_coverage" />
        <option value="xdebug_get_collected_errors" />
        <option value="xdebug_get_declared_vars" />
        <option value="xdebug_get_function_stack" />
        <option value="xdebug_get_headers" />
        <option value="xdebug_get_monitored_functions" />
        <option value="xdebug_get_profiler_filename" />
        <option value="xdebug_get_stack_depth" />
        <option value="xdebug_get_tracefile_name" />
        <option value="xdebug_is_enabled" />
        <option value="xdebug_memory_usage" />
        <option value="xdebug_peak_memory_usage" />
        <option value="xdebug_print_function_stack" />
        <option value="xdebug_start_code_coverage" />
        <option value="xdebug_start_error_collection" />
        <option value="xdebug_start_function_monitor" />
        <option value="xdebug_start_trace" />
        <option value="xdebug_stop_code_coverage" />
        <option value="xdebug_stop_error_collection" />
        <option value="xdebug_stop_function_monitor" />
        <option value="xdebug_stop_trace" />
        <option value="xdebug_time_index" />
        <option value="xdebug_var_dump" />
      </list>
    </option>
    <option name="migratedIntoUserSpace" value="true" />
  </inspection_tool>
  <inspection_tool class="FunctionNamingConventionJS" enabled="true" level="WARNING" enabled_by_default="true">
    <option name="m_regex" value="[a-z][A-Za-z]*" />
    <option name="m_minLength" value="4" />
    <option name="m_maxLength" value="32" />
  </inspection_tool>
  <inspection_tool class="FunctionWithInconsistentReturnsJS" enabled="true" level="WARNING" enabled_by_default="true" />
  <inspection_tool class="FunctionWithMultipleLoopsJS" enabled="true" level="WARNING" enabled_by_default="true" />
  <inspection_tool class="FunctionWithMultipleReturnPointsJS" enabled="true" level="WARNING" enabled_by_default="true" />
  <inspection_tool class="HtmlNonExistentInternetResource" enabled="true" level="WARNING" enabled_by_default="true" />
  <inspection_tool class="HtmlPresentationalElement" enabled="true" level="INFORMATION" enabled_by_default="true" />
  <inspection_tool class="HtmlRequiredSummaryAttribute" enabled="true" level="INFORMATION" enabled_by_default="true" />
  <inspection_tool class="HtmlRequiredTitleAttribute" enabled="true" level="INFORMATION" enabled_by_default="true" />
  <inspection_tool class="IfStatementWithIdenticalBranchesJS" enabled="true" level="WARNING" enabled_by_default="true" />
  <inspection_tool class="IfStatementWithTooManyBranchesJS" enabled="true" level="WARNING" enabled_by_default="true">
    <option name="m_limit" value="3" />
  </inspection_tool>
  <inspection_tool class="InconsistentLineSeparators" enabled="true" level="WARNING" enabled_by_default="true" />
  <inspection_tool class="IncrementDecrementResultUsedJS" enabled="true" level="WARNING" enabled_by_default="true" />
  <inspection_tool class="InnerHTMLJS" enabled="true" level="WARNING" enabled_by_default="true" />
  <inspection_tool class="InvertedIfElseConstructsInspection" enabled="true" level="WEAK WARNING" enabled_by_default="true" />
  <inspection_tool class="IsNullFunctionUsageInspection" enabled="true" level="WARNING" enabled_by_default="true" />
  <inspection_tool class="JSClassNamingConvention" enabled="true" level="WARNING" enabled_by_default="true" />
  <inspection_tool class="JSConstructorReturnsPrimitive" enabled="true" level="WARNING" enabled_by_default="true" />
  <inspection_tool class="JSDeclarationsAtScopeStart" enabled="true" level="WEAK WARNING" enabled_by_default="true" />
  <inspection_tool class="JSEqualityComparisonWithCoercion.TS" enabled="true" level="WARNING" enabled_by_default="true" />
  <inspection_tool class="JSHint" enabled="true" level="ERROR" enabled_by_default="true" />
  <inspection_tool class="JSNonStrictModeUsed" enabled="true" level="WARNING" enabled_by_default="true" />
  <inspection_tool class="JSXSyntaxUsed" enabled="true" level="ERROR" enabled_by_default="true" />
  <inspection_tool class="LabeledStatementJS" enabled="true" level="WARNING" enabled_by_default="true" />
  <inspection_tool class="LocalVariableNamingConventionJS" enabled="true" level="WARNING" enabled_by_default="true">
    <option name="m_regex" value="[a-z][A-Za-z]*" />
    <option name="m_minLength" value="1" />
    <option name="m_maxLength" value="32" />
  </inspection_tool>
  <inspection_tool class="LongInheritanceChainInspection" enabled="true" level="WARNING" enabled_by_default="true" />
  <inspection_tool class="LongLine" enabled="true" level="WARNING" enabled_by_default="true" />
  <inspection_tool class="MagicNumberJS" enabled="true" level="WARNING" enabled_by_default="true" />
  <inspection_tool class="MultipleReturnStatementsInspection" enabled="true" level="WARNING" enabled_by_default="true" />
  <inspection_tool class="NegatedConditionalExpressionJS" enabled="true" level="WARNING" enabled_by_default="true" />
  <inspection_tool class="NegatedIfStatementJS" enabled="true" level="WARNING" enabled_by_default="true" />
  <inspection_tool class="NestedAssignmentJS" enabled="true" level="WARNING" enabled_by_default="true" />
  <inspection_tool class="NestedAssignmentsUsageInspection" enabled="true" level="WEAK WARNING" enabled_by_default="true" />
  <inspection_tool class="NestedConditionalExpressionJS" enabled="true" level="WARNING" enabled_by_default="true" />
  <inspection_tool class="NestedFunctionCallJS" enabled="true" level="WARNING" enabled_by_default="true" />
  <inspection_tool class="NestedFunctionJS" enabled="true" level="WARNING" enabled_by_default="true">
    <option name="m_includeAnonymousFunctions" value="false" />
  </inspection_tool>
  <inspection_tool class="NestedSwitchStatementJS" enabled="true" level="WARNING" enabled_by_default="true" />
  <inspection_tool class="NestingDepthJS" enabled="true" level="WARNING" enabled_by_default="true">
    <option name="m_limit" value="5" />
  </inspection_tool>
  <inspection_tool class="NonBlockStatementBodyJS" enabled="true" level="WARNING" enabled_by_default="true" />
  <inspection_tool class="ObjectAllocationIgnoredJS" enabled="true" level="WARNING" enabled_by_default="true" />
  <inspection_tool class="OffsetOperationsInspection" enabled="true" level="ERROR" enabled_by_default="true" />
  <inspection_tool class="OverlyComplexArithmeticExpressionJS" enabled="true" level="WARNING" enabled_by_default="true">
    <option name="m_limit" value="6" />
  </inspection_tool>
  <inspection_tool class="OverlyComplexBooleanExpressionJS" enabled="true" level="WARNING" enabled_by_default="true">
    <option name="m_limit" value="3" />
  </inspection_tool>
  <inspection_tool class="ParameterDefaultValueIsNotNullInspection" enabled="true" level="WEAK WARNING" enabled_by_default="true" />
  <inspection_tool class="ParameterNamingConventionJS" enabled="true" level="WARNING" enabled_by_default="true">
    <option name="m_regex" value="[a-z][A-Za-z]*" />
    <option name="m_minLength" value="1" />
    <option name="m_maxLength" value="32" />
  </inspection_tool>
  <inspection_tool class="ParametersPerFunctionJS" enabled="true" level="WARNING" enabled_by_default="true">
    <option name="m_limit" value="5" />
  </inspection_tool>
  <inspection_tool class="PhpCSValidationInspection" enabled="false" level="WEAK WARNING" enabled_by_default="false">
    <option name="CODING_STANDARD" value="PSR12" />
    <option name="EXTENSIONS" value="php,js,css,inc" />
  </inspection_tool>
  <inspection_tool class="PhpClassNamingConventionInspection" enabled="true" level="WARNING" enabled_by_default="true">
    <option name="m_minLength" value="3" />
  </inspection_tool>
  <inspection_tool class="PhpCompoundNamespaceDepthInspection" enabled="true" level="WEAK WARNING" enabled_by_default="true" />
  <inspection_tool class="PhpConstantNamingConventionInspection" enabled="true" level="WARNING" enabled_by_default="true" />
  <inspection_tool class="PhpDivisionByZeroInspection" enabled="true" level="WARNING" enabled_by_default="true" />
  <inspection_tool class="PhpFunctionNamingConventionInspection" enabled="true" level="WARNING" enabled_by_default="true" />
  <inspection_tool class="PhpLongTypeFormInspection" enabled="true" level="WEAK WARNING" enabled_by_default="true" />
  <inspection_tool class="PhpMethodNamingConventionInspection" enabled="true" level="WARNING" enabled_by_default="true" />
  <inspection_tool class="PhpMethodOrClassCallIsNotCaseSensitiveInspection" enabled="true" level="WARNING" enabled_by_default="true" />
  <inspection_tool class="PhpMissingDocCommentInspection" enabled="false" level="WARNING" enabled_by_default="false">
    <option name="CHECK_FUNCTION" value="false" />
    <option name="CHECK_CLASS" value="false" />
    <option name="CHECK_METHOD" value="false" />
    <option name="SKIP_EMPTY_FUNCTION" value="false" />
    <option name="SKIP_EMPTY_METHOD" value="false" />
  </inspection_tool>
  <inspection_tool class="PhpMissingParentCallCommonInspection" enabled="true" level="WEAK WARNING" enabled_by_default="true" />
  <inspection_tool class="PhpMissingParentCallMagicInspection" enabled="true" level="WARNING" enabled_by_default="true" />
  <inspection_tool class="PhpMissingStrictTypesDeclarationInspection" enabled="true" level="WARNING" enabled_by_default="true" />
  <inspection_tool class="PhpMissingVisibilityInspection" enabled="true" level="WEAK WARNING" enabled_by_default="true" />
  <inspection_tool class="PhpModifierOrderInspection" enabled="true" level="WEAK WARNING" enabled_by_default="true" />
  <inspection_tool class="PhpNewClassMissingParameterListInspection" enabled="true" level="WEAK WARNING" enabled_by_default="true" />
  <inspection_tool class="PhpNonCanonicalElementsOrderInspection" enabled="true" level="WEAK WARNING" enabled_by_default="true" />
  <inspection_tool class="PhpOverridingMethodVisibilityInspection" enabled="true" level="WEAK WARNING" enabled_by_default="true" />
  <inspection_tool class="PhpPropertyNamingConventionInspection" enabled="true" level="WARNING" enabled_by_default="true" />
  <inspection_tool class="PhpSeparateElseIfInspection" enabled="true" level="WEAK WARNING" enabled_by_default="true" />
  <inspection_tool class="PhpShortOpenTagInspection" enabled="true" level="WARNING" enabled_by_default="true" />
  <inspection_tool class="PhpStanGlobal" enabled="false" level="WEAK WARNING" enabled_by_default="false">
    <option name="level" value="8" />
  </inspection_tool>
  <inspection_tool class="PhpStaticAsDynamicMethodCallInspection" enabled="true" level="WEAK WARNING" enabled_by_default="true" />
  <inspection_tool class="PhpTooManyParametersInspection" enabled="true" level="WARNING" enabled_by_default="true" />
  <inspection_tool class="PhpTraditionalSyntaxArrayLiteralInspection" enabled="true" level="WARNING" enabled_by_default="true" />
  <inspection_tool class="PhpTraitsUseListInspection" enabled="true" level="WEAK WARNING" enabled_by_default="true" />
  <inspection_tool class="PhpUndefinedCallbackInspection" enabled="true" level="WARNING" enabled_by_default="true" />
  <inspection_tool class="PhpUnnecessaryDoubleQuotesInspection" enabled="true" level="WEAK WARNING" enabled_by_default="true" />
  <inspection_tool class="PhpUsageOfSilenceOperatorInspection" enabled="true" level="WEAK WARNING" enabled_by_default="true" />
  <inspection_tool class="PhpVarUsageInspection" enabled="true" level="WEAK WARNING" enabled_by_default="true" />
  <inspection_tool class="PhpVariableNamingConventionInspection" enabled="true" level="WARNING" enabled_by_default="true" />
  <inspection_tool class="PhpVariableVariableInspection" enabled="true" level="WEAK WARNING" enabled_by_default="true" />
  <inspection_tool class="PlatformDetectionJS" enabled="true" level="WARNING" enabled_by_default="true" />
  <inspection_tool class="PointlessBitwiseExpressionJS" enabled="true" level="WARNING" enabled_by_default="true">
    <option name="m_ignoreExpressionsContainingConstants" value="false" />
  </inspection_tool>
  <inspection_tool class="ProblematicWhitespace" enabled="true" level="WARNING" enabled_by_default="true" />
  <inspection_tool class="PropertyCanBeStaticInspection" enabled="true" level="WEAK WARNING" enabled_by_default="true" />
  <inspection_tool class="RedundantDocCommentTagInspection" enabled="true" level="WARNING" enabled_by_default="true" />
  <inspection_tool class="RegExpAnonymousGroup" enabled="true" level="WARNING" enabled_by_default="true" />
  <inspection_tool class="ReplaceAssignmentWithOperatorAssignmentJS" enabled="true" level="WARNING" enabled_by_default="true" />
  <inspection_tool class="ReuseOfLocalVariableJS" enabled="true" level="WARNING" enabled_by_default="true" />
  <inspection_tool class="SSBasedInspection" enabled="true" level="WARNING" enabled_by_default="true" />
  <inspection_tool class="SecurityAdvisoriesInspection" enabled="true" level="WARNING" enabled_by_default="true">
    <option name="optionConfiguration">
      <list>
        <option value="barryvdh/laravel-debugbar" />
        <option value="behat/behat" />
        <option value="brianium/paratest" />
        <option value="codeception/codeception" />
        <option value="codedungeon/phpunit-result-printer" />
        <option value="composer/composer" />
        <option value="doctrine/coding-standard" />
        <option value="filp/whoops" />
        <option value="friendsofphp/php-cs-fixer" />
        <option value="humbug/humbug" />
        <option value="infection/infection" />
        <option value="jakub-onderka/php-parallel-lint" />
        <option value="johnkary/phpunit-speedtrap" />
        <option value="kalessil/production-dependencies-guard" />
        <option value="mikey179/vfsStream" />
        <option value="mockery/mockery" />
        <option value="mybuilder/phpunit-accelerator" />
        <option value="orchestra/testbench" />
        <option value="pdepend/pdepend" />
        <option value="phan/phan" />
        <option value="phing/phing" />
        <option value="phpcompatibility/php-compatibility" />
        <option value="phpmd/phpmd" />
        <option value="phpro/grumphp" />
        <option value="phpspec/phpspec" />
        <option value="phpspec/prophecy" />
        <option value="phpstan/phpstan" />
        <option value="phpunit/phpunit" />
        <option value="povils/phpmnd" />
        <option value="roave/security-advisories" />
        <option value="satooshi/php-coveralls" />
        <option value="sebastian/phpcpd" />
        <option value="slevomat/coding-standard" />
        <option value="spatie/phpunit-watcher" />
        <option value="squizlabs/php_codesniffer" />
        <option value="sstalle/php7cc" />
        <option value="symfony/debug" />
        <option value="symfony/maker-bundle" />
        <option value="symfony/phpunit-bridge" />
        <option value="symfony/var-dumper" />
        <option value="vimeo/psalm" />
        <option value="wimg/php-compatibility" />
        <option value="wp-coding-standards/wpcs" />
        <option value="yiisoft/yii2-coding-standards" />
        <option value="yiisoft/yii2-debug" />
        <option value="yiisoft/yii2-gii" />
        <option value="zendframework/zend-coding-standard" />
        <option value="zendframework/zend-debug" />
        <option value="zendframework/zend-test" />
      </list>
    </option>
  </inspection_tool>
  <inspection_tool class="ShortEchoTagCanBeUsedInspection" enabled="true" level="WEAK WARNING" enabled_by_default="true" />
  <inspection_tool class="SqlGotoInspection" enabled="true" level="WARNING" enabled_by_default="true" />
  <inspection_tool class="SqlMissingColumnAliasesInspection" enabled="true" level="WARNING" enabled_by_default="true" />
  <inspection_tool class="SqlNamedArgumentsInspection" enabled="true" level="WARNING" enabled_by_default="true" />
  <inspection_tool class="StandardJS" enabled="true" level="ERROR" enabled_by_default="true" />
  <inspection_tool class="StatementsPerFunctionJS" enabled="true" level="WARNING" enabled_by_default="true">
    <option name="m_limit" value="30" />
  </inspection_tool>
  <inspection_tool class="StringLiteralBreaksHTMLJS" enabled="true" level="WARNING" enabled_by_default="true" />
  <inspection_tool class="Stylelint" enabled="true" level="ERROR" enabled_by_default="true" />
  <inspection_tool class="TailRecursionJS" enabled="true" level="WARNING" enabled_by_default="true" />
  <inspection_tool class="TextLabelInSwitchStatementJS" enabled="true" level="WARNING" enabled_by_default="true" />
  <inspection_tool class="ThreeNegationsPerFunctionJS" enabled="true" level="WARNING" enabled_by_default="true" />
  <inspection_tool class="TodoComment" enabled="true" level="WARNING" enabled_by_default="true" />
  <inspection_tool class="TsLint" enabled="true" level="WARNING" enabled_by_default="true" />
  <inspection_tool class="UnNecessaryDoubleQuotesInspection" enabled="true" level="WEAK WARNING" enabled_by_default="true" />
  <inspection_tool class="UnnecessaryBooleanCheckInspection" enabled="true" level="WEAK WARNING" enabled_by_default="true" />
  <inspection_tool class="UnqualifiedReferenceInspection" enabled="true" level="WEAK WARNING" enabled_by_default="true" />
  <inspection_tool class="UnterminatedStatementJS" enabled="true" level="WARNING" enabled_by_default="true">
    <option name="ignoreSemicolonAtEndOfBlock" value="true" />
  </inspection_tool>
  <inspection_tool class="UntrustedInclusionInspection" enabled="true" level="ERROR" enabled_by_default="true" />
  <inspection_tool class="UnusedCatchParameterJS" enabled="true" level="WARNING" enabled_by_default="true">
    <option name="m_ignoreCatchBlocksWithComments" value="false" />
  </inspection_tool>
  <inspection_tool class="UnusedDefine" enabled="true" level="WARNING" enabled_by_default="true" />
  <inspection_tool class="UsingInclusionReturnValueInspection" enabled="true" level="WEAK WARNING" enabled_by_default="true" />
  <inspection_tool class="VoidExpressionJS" enabled="true" level="WARNING" enabled_by_default="true" />
  <inspection_tool class="W3CssValidation" enabled="true" level="WARNING" enabled_by_default="true">
    <option name="myCssVersion" value="css3svg" />
    <option name="myIgnoreVendorSpecificProperties" value="false" />
  </inspection_tool>
  <inspection_tool class="XHTMLIncompatabilitiesJS" enabled="true" level="WARNING" enabled_by_default="true" />
</profile>