<application>
  <component name="FileTypeManager" version="18">
    <extensionMap>
      <mapping pattern="LICENSE" type="AUTO_DETECTED" />
      <mapping pattern="errorlog" type="AUTO_DETECTED" />
      <mapping pattern="Country" type="AUTO_DETECTED" />
      <mapping pattern=".nanorc" type="PLAIN_TEXT" />
      <mapping pattern=".gitkeep" type="PLAIN_TEXT" />
      <mapping ext="xel" type="PLAIN_TEXT" />
      <mapping ext="trc" type="PLAIN_TEXT" />
      <mapping ext="1" type="PLAIN_TEXT" />
      <mapping ext="dist" type="PLAIN_TEXT" />
      <mapping ext="log" type="PLAIN_TEXT" />
      <mapping ext="nanorc" type="PLAIN_TEXT" />
      <mapping pattern="tsconfig.spec.json" type="tsconfig" />
      <mapping pattern="tsconfig.app.json" type="tsconfig" />
      <mapping pattern="tsconfig.lib.json" type="tsconfig" />
      <mapping pattern="tsconfig.e2e.json" type="tsconfig" />
      <removed_mapping ext="ignore" approved="true" type="IgnoreLang file" />
    </extensionMap>
  </component>
</application>