<application>
  <component name="GraziConfig">
    <option name="enabledGrammarStrategies">
      <set>
        <option value="nl.rubensten.texifyidea:Latex" />
        <option value="org.asciidoctor.intellij.asciidoc:AsciiDoc" />
        <option value="tanvd.grazi:TEXT" />
      </set>
    </option>
    <option name="checkingContext">
      <CheckingContext>
        <option name="isCheckInCommitMessagesEnabled" value="true" />
        <option name="isCheckInStringLiteralsEnabled" value="true" />
      </CheckingContext>
    </option>
  </component>
</application>