<application>
  <component name="ProjectManager">
    <defaultProject>
      <component name="AutoImportSettings">
        <option name="autoReloadType" value="SELECTIVE" />
      </component>
      <component name="ComposerSettings" synchronizationState="SYNCHRONIZE">
        <execution>
          <interpreter composer="composer" />
        </execution>
      </component>
      <component name="Encoding" defaultCharsetForPropertiesFiles="UTF-8">
        <file url="PROJECT" charset="UTF-8" />
      </component>
      <component name="Git.Settings">
        <option name="UPDATE_TYPE" value="REBASE" />
      </component>
      <component name="InspectionProjectProfileManager">
        <option name="PROJECT_PROFILE" value="ktomaszewski" />
        <option name="USE_PROJECT_PROFILE" value="false" />
        <version value="1.0" />
      </component>
      <component name="PhpDebugGeneral">
        <xdebug_debug_ports port="9000" />
        <xdebug_debug_ports port="9003" />
        <xdebug_debug_ports port="9005" />
      </component>
      <component name="PhpProjectSharedConfiguration" php_language_level="8.0" />
      <component name="ProjectInspectionProfilesVisibleTreeState">
        <entry key="Project Default">
          <profile-state>
            <expanded-state>
              <State />
            </expanded-state>
            <selected-state>
              <State>
                <id>XPath</id>
              </State>
            </selected-state>
          </profile-state>
        </entry>
        <entry key="ktomaszewski">
          <profile-state>
            <expanded-state>
              <State />
            </expanded-state>
            <selected-state>
              <State>
                <id>CSS</id>
              </State>
            </selected-state>
          </profile-state>
        </entry>
      </component>
      <component name="ProjectLevelVcsManager">
        <ConfirmationsSetting value="1" id="Add" />
        <ConfirmationsSetting value="1" id="Remove" />
      </component>
      <component name="PropertiesComponent">
        <property name="node.js.path.for.package.stylelint" value="project" />
        <property name="node.js.selected.package.stylelint" value="" />
        <property name="nodejs.protractor.protractor_package" value="" />
        <property name="settings.editor.selected.configurable" value="preferences.sourceCode.PHP" />
        <property name="sql.codeStylePanel.last.previewDialect" value="Microsoft SQL Server" />
      </component>
      <component name="TerminalProjectNonSharedOptionsProvider">
        <option name="startingDirectory" value="~/dev" />
      </component>
      <component name="VcsManagerConfiguration">
        <confirmRemoveEmptyChangelist value="1" />
      </component>
      <component name="masterDetails">
        <states>
          <state key="Copyright.UI">
            <settings>
              <splitter-proportions>
                <option name="proportions">
                  <list>
                    <option value="0.2" />
                  </list>
                </option>
              </splitter-proportions>
            </settings>
          </state>
          <state key="ScopeChooserConfigurable.UI">
            <settings>
              <last-edited>Unnamed</last-edited>
              <splitter-proportions>
                <option name="proportions">
                  <list>
                    <option value="0.2" />
                  </list>
                </option>
              </splitter-proportions>
            </settings>
          </state>
        </states>
      </component>
    </defaultProject>
  </component>
</application>